{"cameraMode":{"drawMode":0,"name":"Shaded","section":"Shading Mode"},"sceneLighting":true,"audioPlay":false,"sceneViewState":{"m_AlwaysRefresh":false,"showFog":true,"showSkybox":true,"showFlares":true,"showImageEffects":true,"showParticleSystems":true,"showVisualEffectGraphs":true,"m_FxEnabled":true},"in2DMode":false,"pivot":{"x":-51.11671829223633,"y":150.28138732910157,"z":-59.42961883544922},"rotation":{"x":-0.3761959373950958,"y":0.022786997258663179,"z":-0.009255618788301945,"w":-0.9262143969535828},"size":6.985536575317383,"orthographic":false}