{"cameraMode":{"drawMode":0,"name":"Shaded","section":"Shading Mode"},"sceneLighting":false,"audioPlay":false,"sceneViewState":{"m_AlwaysRefresh":false,"showFog":true,"showSkybox":false,"showFlares":true,"showImageEffects":true,"showParticleSystems":true,"showVisualEffectGraphs":true,"m_FxEnabled":true},"in2DMode":false,"pivot":{"x":-2.1590094566345217,"y":0.3319525718688965,"z":9.392784118652344},"rotation":{"x":-0.11491016298532486,"y":-0.37637361884117129,"z":0.04708587005734444,"w":-0.9181540608406067},"size":10.301386833190918,"orthographic":false}